{"cameraMode":{"drawMode":0,"name":"Shaded","section":"Shading Mode"},"sceneLighting":true,"audioPlay":false,"sceneViewState":{"m_AlwaysRefresh":false,"showFog":true,"showSkybox":true,"showFlares":true,"showImageEffects":true,"showParticleSystems":true,"showVisualEffectGraphs":true,"m_FxEnabled":true},"in2DMode":false,"pivot":{"x":0.2800323963165283,"y":-6.524903297424316,"z":-9.093324661254883},"rotation":{"x":0.0005265290383249521,"y":-0.9561347365379334,"z":0.2929508090019226,"w":0.0017128956969827414},"size":10.880855560302735,"orthographic":false}